<?xml version="1.0"?>
<!--<!DOCTYPE metadata SYSTEM "http://www.esri.com/metadata/esriprof80.dtd">-->
<metadata xml:lang="pt"><Esri><MetaID>{FBB2A6C7-FCD5-4FB7-B832-B20B284986A0}</MetaID><CreaDate>20090709</CreaDate><CreaTime>16333100</CreaTime><SyncOnce>TRUE</SyncOnce><DataProperties><lineage><Process ToolSource="C:\Program Files\ArcGIS\ArcToolbox\Toolboxes\Data Management Tools.tbx\DeleteField" Date="20090709" Time="163331">DeleteField area_administrativa_acores_goc_novo SUM_Area_E;OBJECTID;Entidade_A;OBJECTID_1;Dico;Concelho_1;OBJECTID_2;CodigoTAA;OBJECTID_3;Di;Distrito_I area_administrativa_acores_goc_novo</Process></lineage></DataProperties></Esri></metadata>
