<?xml version="1.0"?>
<!--<!DOCTYPE metadata SYSTEM "http://www.esri.com/metadata/esriprof80.dtd">-->
<metadata xml:lang="pt"><Esri><MetaID>{93183570-82CB-496A-BFA2-3CA4E47864C4}</MetaID><CreaDate>20090709</CreaDate><CreaTime>16445600</CreaTime><SyncOnce>TRUE</SyncOnce><DataProperties><lineage><Process ToolSource="C:\Program Files\ArcGIS\ArcToolbox\Toolboxes\Data Management Tools.tbx\DeleteField" Date="20090709" Time="164456">DeleteField area_administrativa_madeira_novo TAA;SUM_Area_E;OBJECTID;Entidade_A;OBJECTID_1;CodigoTAA;OBJECTID_2;Dico;Concelho_1;OBJECTID_3;Di;Distrito_I area_administrativa_madeira_novo</Process></lineage></DataProperties></Esri></metadata>
