<?xml version="1.0" encoding="UTF-8"?>
<project-private xmlns="http://www.netbeans.org/ns/project-private/1">
    <editor-bookmarks xmlns="http://www.netbeans.org/ns/editor-bookmarks/2" lastBookmarkId="0"/>
    <open-files xmlns="http://www.netbeans.org/ns/projectui-open-files/2">
        <group>
            <file>file:/home/pimenta/Desktop/6SEM-UE/SO2/Trabalho/Trabalho/src/so2/ListaQuestionarios.java</file>
            <file>file:/home/pimenta/Desktop/6SEM-UE/SO2/Trabalho/Trabalho/src/so2/ListaQuestionariosImpl.java</file>
            <file>file:/home/pimenta/Desktop/6SEM-UE/SO2/Trabalho/Trabalho/src/so2/Pergunta.java</file>
            <file>file:/home/pimenta/Desktop/6SEM-UE/SO2/Trabalho/Trabalho/src/so2/Questionario.java</file>
            <file>file:/home/pimenta/Desktop/6SEM-UE/SO2/Trabalho/Trabalho/src/so2/MenuServer.java</file>
            <file>file:/home/pimenta/Desktop/6SEM-UE/SO2/Trabalho/Trabalho/src/so2/MenuClient.java</file>
        </group>
    </open-files>
</project-private>
