<?xml version="1.0"?>
<!--<!DOCTYPE metadata SYSTEM "http://www.esri.com/metadata/esriprof80.dtd">-->
<metadata xml:lang="pt"><Esri><MetaID>{CAD63914-C275-4D8E-969E-DB7D4204551D}</MetaID><CreaDate>20090709</CreaDate><CreaTime>16291700</CreaTime><SyncOnce>TRUE</SyncOnce><DataProperties><lineage><Process ToolSource="C:\Program Files\ArcGIS\ArcToolbox\Toolboxes\Data Management Tools.tbx\DeleteField" Date="20090709" Time="162917">DeleteField area_administrativa_acores_gc_novo TAA;SUM_Area_E;OBJECTID;Entidade_A;OBJECTID_1;CodigoTAA;OBJECTID_2;Dico;Concelho_1;OBJECTID_3;Di;Distrito_I area_administrativa_acores_gc_novo</Process></lineage></DataProperties></Esri></metadata>
