<?xml version="1.0"?>
<!--<!DOCTYPE metadata SYSTEM "http://www.esri.com/metadata/esriprof80.dtd">-->
<metadata xml:lang="pt"><Esri><MetaID>{ADCAD315-FD5D-4F57-8D5D-BA615999BA32}</MetaID><CreaDate>20090709</CreaDate><CreaTime>16365600</CreaTime><SyncOnce>TRUE</SyncOnce><DataProperties><lineage><Process ToolSource="C:\Program Files\ArcGIS\ArcToolbox\Toolboxes\Data Management Tools.tbx\DeleteField" Date="20090709" Time="163656">DeleteField area_administrativa_acores_gor_novo TAA;SUM_Area_E;Shape_Area;OBJECTID;Entidade_A;OBJECTID_1;CodigoTAA;OBJECTID_2;Dico;Concelho_1;OBJECTID_3;Di;Distrito_I area_administrativa_acores_gor_novo</Process></lineage></DataProperties></Esri></metadata>
