<?xml version="1.0"?>
<!--<!DOCTYPE metadata SYSTEM "http://www.esri.com/metadata/esriprof80.dtd">-->
<metadata xml:lang="pt"><Esri><MetaID>{CADBB954-24B7-45F1-9BD0-324406CDCEBE}</MetaID><CreaDate>20090702</CreaDate><CreaTime>10505200</CreaTime><SyncOnce>FALSE</SyncOnce><SyncDate>20120730</SyncDate><SyncTime>12401300</SyncTime><ModDate>20120730</ModDate><ModTime>12401300</ModTime><DataProperties><lineage><Process ToolSource="C:\Program Files\ArcGIS\ArcToolbox\Toolboxes\Data Management Tools.tbx\CopyFeatures" Date="20090702" Time="105059">CopyFeatures "Database Connections\edicao_caop@bd_caop@cad109.sde\BD_CAOP.EDICAO_CAOP.CENTROIDE_C" "Database Connections\edicao_caop@bd_caop@cad109.sde\bd_caop.EDICAO_CAOP.Continente\bd_caop.EDICAO_CAOP.BD_CAOP_EDICAO_CAOP_CENTROIDE_C" # 0 0 0</Process><Process ToolSource="C:\Program Files\ArcGIS\ArcToolbox\Toolboxes\Data Management Tools.tbx\CopyFeatures" Date="20100305" Time="122617">CopyFeatures "Database Connections\edicao_caop@bd_caop@cad109.sde\bd_caop.EDICAO_CAOP.Continente\bd_caop.EDICAO_CAOP.CENTROIDE" "Database Connections\edicao_caop@bd_caop@cad109.sde\bd_caop.EDICAO_CAOP.Continente2010\bd_caop.EDICAO_CAOP.bd_caop_EDICAO_CAOP_CENTROIDE" # 0 0 0</Process><Process ToolSource="C:\Program Files\ArcGIS\ArcToolbox\Toolboxes\Data Management Tools.tbx\CopyFeatures" Date="20120315" Time="110029">CopyFeatures "Database Connections\Connection to Cad109.sde\bd_caop.EDICAO_CAOP.Continente2010\bd_caop.EDICAO_CAOP.CENTROIDE_2010" C:\zona_trabalho\caop\CAOP2012\GDB_final_CAOP20120_13032012\caop2012.mdb\bd_caop_EDICAO_CAOP_CENTROIDE_2010 # 0 0 0</Process><Process Name="Feature To Polygon" ToolSource="C:\Program Files\ArcGIS\ArcToolbox\Toolboxes\Data Management Tools.tbx\FeatureToPolygon" Date="20120727" Time="165515">FeatureToPolygon C:\CAOP20121\caop2012_1.mdb\top\bd_caop_EDICAO_CAOP_TROCO_2010 C:\temp.mdb\ae_temp # ATTRIBUTES C:\CAOP20121\caop2012_1.mdb\top\bd_caop_EDICAO_CAOP_CENTROIDE_2010</Process><Process Name="Add Field" ToolSource="C:\Program Files\ArcGIS\ArcToolbox\Toolboxes\Data Management Tools.tbx\AddField" Date="20120727" Time="165515">AddField C:\temp.mdb\ae_temp Nome TEXT # # # # NULLABLE NON_REQUIRED # C:\temp.mdb\ae_temp</Process><Process Name="Calculate Field" ToolSource="C:\Program Files\ArcGIS\ArcToolbox\Toolboxes\Data Management Tools.tbx\CalculateField" Date="20120727" Time="165521">CalculateField C:\temp.mdb\ae_temp Nome [TxtMemo] VB # C:\temp.mdb\ae_temp</Process><Process Name="Add Field (2)" ToolSource="C:\Program Files\ArcGIS\ArcToolbox\Toolboxes\Data Management Tools.tbx\AddField" Date="20120727" Time="165524">AddField C:\temp.mdb\ae_temp Concelho TEXT # # # # NULLABLE NON_REQUIRED # C:\temp.mdb\ae_temp</Process><Process Name="Add Field (3)" ToolSource="C:\Program Files\ArcGIS\ArcToolbox\Toolboxes\Data Management Tools.tbx\AddField" Date="20120727" Time="165524">AddField C:\temp.mdb\ae_temp Distrito TEXT # # # # NULLABLE NON_REQUIRED # C:\temp.mdb\ae_temp</Process><Process Name="Calculate Field (2)" ToolSource="C:\Program Files\ArcGIS\ArcToolbox\Toolboxes\Data Management Tools.tbx\CalculateField" Date="20120727" Time="165528">CalculateField C:\temp.mdb\ae_temp Concelho left( [TxtMemo],4) VB # C:\temp.mdb\ae_temp</Process><Process Name="Calculate Field (3)" ToolSource="C:\Program Files\ArcGIS\ArcToolbox\Toolboxes\Data Management Tools.tbx\CalculateField" Date="20120727" Time="165536">CalculateField C:\temp.mdb\ae_temp Distrito left( [TxtMemo],2) VB # C:\temp.mdb\ae_temp</Process><Process Name="Delete Field" ToolSource="C:\Program Files\ArcGIS\ArcToolbox\Toolboxes\Data Management Tools.tbx\DeleteField" Date="20120727" Time="165538">DeleteField C:\temp.mdb\ae_temp RefName;Text_;TxtMemo C:\temp.mdb\ae_temp</Process><Process Name="Add Field (4)" ToolSource="C:\Program Files\ArcGIS\ArcToolbox\Toolboxes\Data Management Tools.tbx\AddField" Date="20120727" Time="165538">AddField C:\temp.mdb\ae_temp Area_EA DOUBLE # # # # NULLABLE NON_REQUIRED # C:\temp.mdb\ae_temp</Process><Process Name="Calculate Field (4)" ToolSource="C:\Program Files\ArcGIS\ArcToolbox\Toolboxes\Data Management Tools.tbx\CalculateField" Date="20120727" Time="165541">CalculateField C:\temp.mdb\ae_temp Area_EA [SHAPE_area] VB # C:\temp.mdb\ae_temp</Process><Process Name="Assign Domain To Field (2)" ToolSource="C:\Program Files\ArcGIS\ArcToolbox\Toolboxes\Data Management Tools.tbx\AssignDomainToField" Date="20120727" Time="165545">AssignDomainToField C:\temp.mdb\ae_temp Concelho Concelho # C:\temp.mdb\ae_temp</Process><Process Name="Assign Domain To Field" ToolSource="C:\Program Files\ArcGIS\ArcToolbox\Toolboxes\Data Management Tools.tbx\AssignDomainToField" Date="20120727" Time="165545">AssignDomainToField C:\temp.mdb\ae_temp Nome EA # C:\temp.mdb\ae_temp</Process><Process Name="Assign Domain To Field (3)" ToolSource="C:\Program Files\ArcGIS\ArcToolbox\Toolboxes\Data Management Tools.tbx\AssignDomainToField" Date="20120727" Time="165546">AssignDomainToField C:\temp.mdb\ae_temp Distrito Distrito_Ilha # C:\temp.mdb\ae_temp</Process><Process Name="Spatial Join (2)" ToolSource="C:\Program Files\ArcGIS\ArcToolbox\Toolboxes\Analysis Tools.tbx\SpatialJoin" Date="20120727" Time="165629">SpatialJoin C:\temp.mdb\ae_temp C:\CAOP20121\caop2012_1.mdb\top\bd_caop_EDICAO_CAOP_CENTROIDE_TAA_CONTINENTE_2010 C:\temp.mdb\ae_temp_SJ JOIN_ONE_TO_ONE KEEP_ALL "FID_bd_caop_EDICAO_CAOP_CENTROIDE_2010 'FID_bd_caop_EDICAO_CAOP_CENTROIDE_2010' true true false 0 Long 0 0 ,First,#,C:\temp.mdb\ae_temp,FID_bd_caop_EDICAO_CAOP_CENTROIDE_2010,-1,-1;Shape_length 'Shape_length' true true false 0 Double 0 0 ,First,#,C:\temp.mdb\ae_temp,Shape_length,-1,-1;Shape_area 'Shape_area' true true false 0 Double 0 0 ,First,#,C:\temp.mdb\ae_temp,Shape_area,-1,-1;Nome 'Nome' true true false -1 Text -1 -2 ,First,#,C:\temp.mdb\ae_temp,Nome,-1,-1;Concelho 'Concelho' true true false -1 Text -1 -2 ,First,#,C:\temp.mdb\ae_temp,Concelho,-1,-1;Distrito 'Distrito' true true false -1 Text -1 -2 ,First,#,C:\temp.mdb\ae_temp,Distrito,-1,-1;Area_EA 'Area_EA' true true false -1 Double -1 -2 ,First,#,C:\temp.mdb\ae_temp,Area_EA,-1,-1;TAA 'TAA' true true false 2 Short 0 0 ,First,#,C:\CAOP20121\caop2012_1.mdb\top\bd_caop_EDICAO_CAOP_CENTROIDE_TAA_CONTINENTE_2010,TAA,-1,-1;RefName 'RefName' true true false 254 Text 0 0 ,First,#,C:\CAOP20121\caop2012_1.mdb\top\bd_caop_EDICAO_CAOP_CENTROIDE_TAA_CONTINENTE_2010,RefName,-1,-1" INTERSECTS "0 Unknown" #</Process><Process Name="Feature Class to Feature Class" ToolSource="C:\Program Files\ArcGIS\ArcToolbox\Toolboxes\Conversion Tools.tbx\FeatureClassToFeatureClass" Date="20120727" Time="165645">FeatureClassToFeatureClass C:\temp.mdb\ae_temp_SJ C:\temp.mdb ae # "Join_Count 'Join_Count' true true false 4 Long 0 0 ,First,#,C:\temp.mdb\ae_temp_SJ,Join_Count,-1,-1;Nome 'Nome' true true false 255 Text 0 0 ,First,#,C:\temp.mdb\ae_temp_SJ,Nome,-1,-1;Concelho 'Concelho' true true false 255 Text 0 0 ,First,#,C:\temp.mdb\ae_temp_SJ,Concelho,-1,-1;Distrito 'Distrito' true true false 255 Text 0 0 ,First,#,C:\temp.mdb\ae_temp_SJ,Distrito,-1,-1;Area_EA 'Area_EA' true true false 8 Double 0 0 ,First,#,C:\temp.mdb\ae_temp_SJ,Area_EA,-1,-1;TAA 'TAA' true true false 2 Short 0 0 ,First,#,C:\temp.mdb\ae_temp_SJ,TAA,-1,-1;RefName 'RefName' true true false 254 Text 0 0 ,First,#,C:\temp.mdb\ae_temp_SJ,RefName,-1,-1;Shape_Length 'Shape_Length' false true true 8 Double 0 0 ,First,#,C:\temp.mdb\ae_temp_SJ,Shape_Length,-1,-1;Shape_Area 'Shape_Area' false true true 8 Double 0 0 ,First,#,C:\temp.mdb\ae_temp_SJ,Shape_Area,-1,-1" # C:\temp.mdb\ae</Process><Process Name="Feature Class to Feature Class (3)" ToolSource="C:\Program Files\ArcGIS\ArcToolbox\Toolboxes\Conversion Tools.tbx\FeatureClassToFeatureClass" Date="20120727" Time="165700">FeatureClassToFeatureClass C:\temp.mdb\ae C:\temp.mdb ae_taa # "Join_Count 'Join_Count' true true false 4 Long 0 0 ,First,#,C:\temp.mdb\ae,Join_Count,-1,-1;Nome 'Nome' true true false 255 Text 0 0 ,First,#,C:\temp.mdb\ae,Nome,-1,-1;Concelho 'Concelho' true true false 255 Text 0 0 ,First,#,C:\temp.mdb\ae,Concelho,-1,-1;Distrito 'Distrito' true true false 255 Text 0 0 ,First,#,C:\temp.mdb\ae,Distrito,-1,-1;Area_EA 'Area_EA' true true false 8 Double 0 0 ,First,#,C:\temp.mdb\ae,Area_EA,-1,-1;TAA 'TAA' true true false 2 Short 0 0 ,First,#,C:\temp.mdb\ae,TAA,-1,-1;RefName 'RefName' true true false 254 Text 0 0 ,First,#,C:\temp.mdb\ae,RefName,-1,-1;Shape_Length 'Shape_Length' false true true 8 Double 0 0 ,First,#,C:\temp.mdb\ae,Shape_Length,-1,-1;Shape_Area 'Shape_Area' false true true 8 Double 0 0 ,First,#,C:\temp.mdb\ae,Shape_Area,-1,-1" # C:\temp.mdb\ae_taa</Process><Process Name="Assign Domain To Field (4)" ToolSource="C:\Program Files\ArcGIS\ArcToolbox\Toolboxes\Data Management Tools.tbx\AssignDomainToField" Date="20120727" Time="165701">AssignDomainToField C:\temp.mdb\ae_taa TAA TAA # C:\temp.mdb\ae_taa</Process><Process Name="Spatial Join" ToolSource="C:\Program Files\ArcGIS\ArcToolbox\Toolboxes\Analysis Tools.tbx\SpatialJoin" Date="20120727" Time="165846">SpatialJoin C:\temp.mdb\ae_taa C:\temp.mdb\ae_temp_Dissolve C:\temp.mdb\ae_taa_SpatialJoin JOIN_ONE_TO_ONE KEEP_ALL "Join_Count 'Join_Count' true true false 4 Long 0 0 ,First,#,C:\temp.mdb\ae_taa,Join_Count,-1,-1;Nome 'Nome' true true false 255 Text 0 0 ,First,#,C:\temp.mdb\ae_taa,Nome,-1,-1;Concelho 'Concelho' true true false 255 Text 0 0 ,First,#,C:\temp.mdb\ae_taa,Concelho,-1,-1;Distrito 'Distrito' true true false 255 Text 0 0 ,First,#,C:\temp.mdb\ae_taa,Distrito,-1,-1;Area_EA 'Area_EA' true true false 8 Double 0 0 ,First,#,C:\temp.mdb\ae_taa,Area_EA,-1,-1;TAA 'TAA' true true false 2 Short 0 0 ,First,#,C:\temp.mdb\ae_taa,TAA,-1,-1;RefName 'RefName' true true false 254 Text 0 0 ,First,#,C:\temp.mdb\ae_taa,RefName,-1,-1;Shape_Length 'Shape_Length' false true true 8 Double 0 0 ,First,#,C:\temp.mdb\ae_taa,Shape_Length,-1,-1;Shape_Area 'Shape_Area' false true true 8 Double 0 0 ,First,#,C:\temp.mdb\ae_taa,Shape_Area,-1,-1;Nome_1 'Nome' true true false 255 Text 0 0 ,First,#,C:\temp.mdb\ae_temp_Dissolve,Nome,-1,-1;SUM_Area_EA 'SUM_Area_EA' true true false 8 Double 0 0 ,First,#,C:\temp.mdb\ae_temp_Dissolve,SUM_Area_EA,-1,-1;Shape_Length_1 'Shape_Length' false true true 8 Double 0 0 ,First,#,C:\temp.mdb\ae_temp_Dissolve,Shape_Length,-1,-1;Shape_Area_1 'Shape_Area' false true true 8 Double 0 0 ,First,#,C:\temp.mdb\ae_temp_Dissolve,Shape_Area,-1,-1;Area_Total 'Area_Total' true true false 8 Double 0 0 ,First,#,C:\temp.mdb\ae_temp_Dissolve,Area_Total,-1,-1" IS_WITHIN "0 Unknown" #</Process><Process Name="Delete Field (2)" ToolSource="C:\Program Files\ArcGIS\ArcToolbox\Toolboxes\Data Management Tools.tbx\DeleteField" Date="20120727" Time="165847">DeleteField C:\temp.mdb\ae_taa_SpatialJoin Join_Count;Join_Count_1;RefName;Nome_1;SUM_Area_EA C:\temp.mdb\ae_taa_SpatialJoin</Process><Process Name="Feature Class to Feature Class (2)" ToolSource="C:\Program Files\ArcGIS\ArcToolbox\Toolboxes\Conversion Tools.tbx\FeatureClassToFeatureClass" Date="20120727" Time="165902">FeatureClassToFeatureClass C:\temp.mdb\ae_taa_SpatialJoin C:\temp.mdb area_administrativa # "Nome 'Nome' true true false 255 Text 0 0 ,First,#,C:\temp.mdb\ae_taa_SpatialJoin,Nome,-1,-1;Concelho 'Concelho' true true false 255 Text 0 0 ,First,#,C:\temp.mdb\ae_taa_SpatialJoin,Concelho,-1,-1;Distrito 'Distrito' true true false 255 Text 0 0 ,First,#,C:\temp.mdb\ae_taa_SpatialJoin,Distrito,-1,-1;Area_EA 'Area_EA' true true false 8 Double 0 0 ,First,#,C:\temp.mdb\ae_taa_SpatialJoin,Area_EA,-1,-1;TAA 'TAA' true true false 2 Short 0 0 ,First,#,C:\temp.mdb\ae_taa_SpatialJoin,TAA,-1,-1;Shape_Length_1 'Shape_Length' true true false 8 Double 0 0 ,First,#,C:\temp.mdb\ae_taa_SpatialJoin,Shape_Length_1,-1,-1;Shape_Area_1 'Shape_Area' true true false 8 Double 0 0 ,First,#,C:\temp.mdb\ae_taa_SpatialJoin,Shape_Area_1,-1,-1;Area_Total 'Area_Total' true true false 8 Double 0 0 ,First,#,C:\temp.mdb\ae_taa_SpatialJoin,Area_Total,-1,-1;Shape_Length 'Shape_Length' false true true 8 Double 0 0 ,First,#,C:\temp.mdb\ae_taa_SpatialJoin,Shape_Length,-1,-1;Shape_Area 'Shape_Area' false true true 8 Double 0 0 ,First,#,C:\temp.mdb\ae_taa_SpatialJoin,Shape_Area,-1,-1" # C:\temp.mdb\area_administrativa</Process><Process Name="Assign Domain To Field (5)" ToolSource="C:\Program Files\ArcGIS\ArcToolbox\Toolboxes\Data Management Tools.tbx\AssignDomainToField" Date="20120727" Time="165903">AssignDomainToField C:\temp.mdb\area_administrativa TAA TAA # C:\temp.mdb\area_administrativa</Process><Process Name="Assign Domain To Field (6)" ToolSource="C:\Program Files\ArcGIS\ArcToolbox\Toolboxes\Data Management Tools.tbx\AssignDomainToField" Date="20120727" Time="165903">AssignDomainToField C:\temp.mdb\area_administrativa Distrito Distrito_Ilha # C:\temp.mdb\area_administrativa</Process><Process Name="Delete Field (3)" ToolSource="C:\Program Files\ArcGIS\ArcToolbox\Toolboxes\Data Management Tools.tbx\DeleteField" Date="20120727" Time="165903">DeleteField C:\temp.mdb\area_administrativa Shape_Length_1;Shape_Area_1 C:\temp.mdb\area_administrativa</Process><Process ToolSource="C:\Program Files\ArcGIS\ArcToolbox\Toolboxes\Conversion Tools.tbx\FeatureClassToFeatureClass" Date="20120727" Time="170648">FeatureClassToFeatureClass C:\temp.mdb\area_administrativa C:\CAOP20121\CAOP20121_final.mdb area_administrativa # "Nome 'Nome' true true false 255 Text 0 0 ,First,#,C:\temp.mdb\area_administrativa,Nome,-1,-1;Concelho 'Concelho' true true false 255 Text 0 0 ,First,#,C:\temp.mdb\area_administrativa,Concelho,-1,-1;Distrito 'Distrito' true true false 255 Text 0 0 ,First,#,C:\temp.mdb\area_administrativa,Distrito,-1,-1;Area_EA 'Area_EA' true true false 8 Double 0 0 ,First,#,C:\temp.mdb\area_administrativa,Area_EA,-1,-1;TAA 'TAA' true true false 2 Short 0 0 ,First,#,C:\temp.mdb\area_administrativa,TAA,-1,-1;Area_Total 'Area_Total' true true false 8 Double 0 0 ,First,#,C:\temp.mdb\area_administrativa,Area_Total,-1,-1;Shape_Length 'Shape_Length' false true true 8 Double 0 0 ,First,#,C:\temp.mdb\area_administrativa,Shape_Length,-1,-1;Shape_Area 'Shape_Area' false true true 8 Double 0 0 ,First,#,C:\temp.mdb\area_administrativa,Shape_Area,-1,-1" # C:\CAOP20121\CAOP20121_final.mdb\area_administrativa</Process><Process ToolSource="C:\Program Files\ArcGIS\ArcToolbox\Toolboxes\Conversion Tools.tbx\FeatureClassToFeatureClass" Date="20120730" Time="124015">FeatureClassToFeatureClass C:\zona_trabalho\caop\CAOP2012\actualizacao_CAOP2012\GDB\CAOP20121_final.mdb\area_administrativa C:\zona_trabalho\caop\CAOP2012\actualizacao_CAOP2012\Shapes_20121 Cont_AAd_CAOP20121.shp # "Nome 'Nome' true true false 255 Text 0 0 ,First,#,C:\zona_trabalho\caop\CAOP2012\actualizacao_CAOP2012\GDB\CAOP20121_final.mdb\area_administrativa,Nome,-1,-1;Concelho 'Concelho' true true false 255 Text 0 0 ,First,#,C:\zona_trabalho\caop\CAOP2012\actualizacao_CAOP2012\GDB\CAOP20121_final.mdb\area_administrativa,Concelho,-1,-1;Distrito 'Distrito' true true false 255 Text 0 0 ,First,#,C:\zona_trabalho\caop\CAOP2012\actualizacao_CAOP2012\GDB\CAOP20121_final.mdb\area_administrativa,Distrito,-1,-1;Area_EA 'Area_EA' true true false 8 Double 0 0 ,First,#,C:\zona_trabalho\caop\CAOP2012\actualizacao_CAOP2012\GDB\CAOP20121_final.mdb\area_administrativa,Area_EA,-1,-1;TAA 'TAA' true true false 2 Short 0 0 ,First,#,C:\zona_trabalho\caop\CAOP2012\actualizacao_CAOP2012\GDB\CAOP20121_final.mdb\area_administrativa,TAA,-1,-1;Area_Total 'Area_Total' true true false 8 Double 0 0 ,First,#,C:\zona_trabalho\caop\CAOP2012\actualizacao_CAOP2012\GDB\CAOP20121_final.mdb\area_administrativa,Area_Total,-1,-1;Shape_Leng 'Shape_Length' false true true 8 Double 0 0 ,First,#,C:\zona_trabalho\caop\CAOP2012\actualizacao_CAOP2012\GDB\CAOP20121_final.mdb\area_administrativa,Shape_Length,-1,-1;Shape_Area 'Shape_Area' false true true 8 Double 0 0 ,First,#,C:\zona_trabalho\caop\CAOP2012\actualizacao_CAOP2012\GDB\CAOP20121_final.mdb\area_administrativa,Shape_Area,-1,-1" # C:\zona_trabalho\caop\CAOP2012\actualizacao_CAOP2012\Shapes_20121\Cont_AAd_CAOP20121.shp</Process></lineage></DataProperties></Esri><idinfo><native Sync="TRUE">Microsoft Windows XP Version 5.1 (Build 2600) Service Pack 3; ESRI ArcCatalog 9.3.1.1850</native><descript><langdata Sync="TRUE">pt</langdata><abstract>REQUIRED: A brief narrative summary of the data set.</abstract><purpose>REQUIRED: A summary of the intentions with which the data set was developed.</purpose></descript><citation><citeinfo><origin>REQUIRED: The name of an organization or individual that developed the data set.</origin><pubdate>REQUIRED: The date when the data set is published or otherwise made available for release.</pubdate><title Sync="TRUE">Cont_AAd_CAOP20121</title><ftname Sync="TRUE">Cont_AAd_CAOP20121</ftname><geoform Sync="TRUE">vector digital data</geoform><onlink Sync="TRUE">\\CAD43\C$\zona_trabalho\caop\CAOP2012\actualizacao_CAOP2012\Shapes_20121\Cont_AAd_CAOP20121.shp</onlink></citeinfo></citation><timeperd><current>REQUIRED: The basis on which the time period of content information is determined.</current><timeinfo><sngdate><caldate>REQUIRED: The year (and optionally month, or month and day) for which the data set corresponds to the ground.</caldate></sngdate></timeinfo></timeperd><status><progress>REQUIRED: The state of the data set.</progress><update>REQUIRED: The frequency with which changes and additions are made to the data set after the initial data set is completed.</update></status><spdom><bounding><westbc Sync="TRUE">REQUIRED: Western-most coordinate of the limit of coverage expressed in longitude.</westbc><eastbc Sync="TRUE">REQUIRED: Eastern-most coordinate of the limit of coverage expressed in longitude.</eastbc><northbc Sync="TRUE">REQUIRED: Northern-most coordinate of the limit of coverage expressed in latitude.</northbc><southbc Sync="TRUE">REQUIRED: Southern-most coordinate of the limit of coverage expressed in latitude.</southbc></bounding></spdom><keywords><theme><themekt>REQUIRED: Reference to a formally registered thesaurus or a similar authoritative source of theme keywords.</themekt><themekey>REQUIRED: Common-use word or phrase used to describe the subject of the data set.</themekey></theme></keywords><accconst>REQUIRED: Restrictions and legal prerequisites for accessing the data set.</accconst><useconst>REQUIRED: Restrictions and legal prerequisites for using the data set after access is granted.</useconst><natvform Sync="TRUE">Shapefile</natvform></idinfo><dataIdInfo><envirDesc Sync="TRUE">Microsoft Windows XP Version 5.1 (Build 2600) Service Pack 3; ESRI ArcCatalog 9.3.1.1850</envirDesc><dataLang><languageCode Sync="TRUE" value="pt"></languageCode></dataLang><idCitation><resTitle Sync="TRUE">Cont_AAd_CAOP20121</resTitle><presForm><PresFormCd Sync="TRUE" value="005"></PresFormCd></presForm></idCitation><spatRpType><SpatRepTypCd Sync="TRUE" value="001"></SpatRepTypCd></spatRpType></dataIdInfo><metainfo><langmeta Sync="TRUE">pt</langmeta><metstdn Sync="TRUE">FGDC Content Standards for Digital Geospatial Metadata</metstdn><metstdv Sync="TRUE">FGDC-STD-001-1998</metstdv><mettc Sync="TRUE">local time</mettc><metc><cntinfo><cntorgp><cntper>REQUIRED: The person responsible for the metadata information.</cntper><cntorg>REQUIRED: The organization responsible for the metadata information.</cntorg></cntorgp><cntaddr><addrtype>REQUIRED: The mailing and/or physical address for the organization or individual.</addrtype><city>REQUIRED: The city of the address.</city><state>REQUIRED: The state or province of the address.</state><postal>REQUIRED: The ZIP or other postal code of the address.</postal></cntaddr><cntvoice>REQUIRED: The telephone number by which individuals can speak to the organization or individual.</cntvoice></cntinfo></metc><metd Sync="TRUE">20120730</metd><metextns><onlink Sync="TRUE">http://www.esri.com/metadata/esriprof80.html</onlink><metprof Sync="TRUE">ESRI Metadata Profile</metprof></metextns></metainfo><mdLang><languageCode Sync="TRUE" value="pt"></languageCode></mdLang><mdStanName Sync="TRUE">ISO 19115 Geographic Information - Metadata</mdStanName><mdStanVer Sync="TRUE">DIS_ESRI1.0</mdStanVer><mdChar><CharSetCd Sync="TRUE" value="004"></CharSetCd></mdChar><mdHrLv><ScopeCd Sync="TRUE" value="005"></ScopeCd></mdHrLv><mdHrLvName Sync="TRUE">dataset</mdHrLvName><distinfo><resdesc Sync="TRUE">Downloadable Data</resdesc><stdorder><digform><digtinfo><transize Sync="TRUE">0.000</transize><dssize Sync="TRUE">0.000</dssize></digtinfo></digform></stdorder></distinfo><distInfo><distributor><distorTran><onLineSrc><orDesc Sync="TRUE">002</orDesc><linkage Sync="TRUE">file://\\CAD43\C$\zona_trabalho\caop\CAOP2012\actualizacao_CAOP2012\Shapes_20121\Cont_AAd_CAOP20121.shp</linkage><protocol Sync="TRUE">Local Area Network</protocol></onLineSrc><transSize Sync="TRUE">0.000</transSize></distorTran><distorFormat><formatName Sync="TRUE">Shapefile</formatName></distorFormat></distributor></distInfo><spdoinfo><direct Sync="TRUE">Vector</direct><ptvctinf><esriterm Name="Cont_AAd_CAOP20121"><efeatyp Sync="TRUE">Simple</efeatyp><efeageom Sync="TRUE">Polygon</efeageom><esritopo Sync="TRUE">FALSE</esritopo><efeacnt Sync="TRUE">0</efeacnt><spindex Sync="TRUE">FALSE</spindex><linrefer Sync="TRUE">FALSE</linrefer></esriterm><sdtsterm Name="Cont_AAd_CAOP20121"><sdtstype Sync="TRUE">G-polygon</sdtstype><ptvctcnt Sync="TRUE">0</ptvctcnt></sdtsterm></ptvctinf></spdoinfo><spref><horizsys><cordsysn><geogcsn Sync="TRUE">GCS_ETRS_1989</geogcsn><projcsn Sync="TRUE">ETRS_1989_TM06-Portugal</projcsn></cordsysn><planar><planci><plance Sync="TRUE">coordinate pair</plance><plandu Sync="TRUE">meters</plandu><coordrep><absres Sync="TRUE">0.000000</absres><ordres Sync="TRUE">0.000000</ordres></coordrep></planci><mapproj><mapprojn Sync="TRUE">Transverse Mercator</mapprojn><transmer><sfctrmer Sync="TRUE">1.000000</sfctrmer><longcm Sync="TRUE">-8.133108</longcm><latprjo Sync="TRUE">39.668258</latprjo><feast Sync="TRUE">0.000000</feast><fnorth Sync="TRUE">0.000000</fnorth></transmer></mapproj></planar><geodetic><horizdn Sync="TRUE">D_ETRS_1989</horizdn><ellips Sync="TRUE">Geodetic Reference System 80</ellips><semiaxis Sync="TRUE">6378137.000000</semiaxis><denflat Sync="TRUE">298.257222</denflat></geodetic></horizsys><vertdef><altsys><altenc Sync="TRUE">Explicit elevation coordinate included with horizontal coordinates</altenc><altres Sync="TRUE">1.000000</altres></altsys></vertdef></spref><refSysInfo><RefSystem><refSysID><identCode Sync="TRUE">ETRS_1989_TM06-Portugal</identCode></refSysID></RefSystem></refSysInfo><spatRepInfo><VectSpatRep><topLvl><TopoLevCd Sync="TRUE" value="001"></TopoLevCd></topLvl><geometObjs Name="Cont_AAd_CAOP20121"><geoObjTyp><GeoObjTypCd Sync="TRUE" value="001"></GeoObjTypCd></geoObjTyp><geoObjCnt Sync="TRUE">0</geoObjCnt></geometObjs></VectSpatRep></spatRepInfo><eainfo><detailed Name="Cont_AAd_CAOP20121"><enttyp><enttypl Sync="TRUE">Cont_AAd_CAOP20121</enttypl><enttypt Sync="TRUE">Feature Class</enttypt><enttypc Sync="TRUE">0</enttypc></enttyp><attr><attrlabl Sync="TRUE">FID</attrlabl><attalias Sync="TRUE">FID</attalias><attrtype Sync="TRUE">OID</attrtype><attwidth Sync="TRUE">4</attwidth><atprecis Sync="TRUE">0</atprecis><attscale Sync="TRUE">0</attscale><attrdef Sync="TRUE">Internal feature number.</attrdef><attrdefs Sync="TRUE">ESRI</attrdefs><attrdomv><udom Sync="TRUE">Sequential unique whole numbers that are automatically generated.</udom></attrdomv></attr><attr><attrlabl Sync="TRUE">Nome</attrlabl><attalias Sync="TRUE">Nome</attalias><attrtype Sync="TRUE">String</attrtype><attwidth Sync="TRUE">254</attwidth></attr><attr><attrlabl Sync="TRUE">Concelho</attrlabl><attalias Sync="TRUE">Concelho</attalias><attrtype Sync="TRUE">String</attrtype><attwidth Sync="TRUE">254</attwidth></attr><attr><attrlabl Sync="TRUE">Distrito</attrlabl><attalias Sync="TRUE">Distrito</attalias><attrtype Sync="TRUE">String</attrtype><attwidth Sync="TRUE">254</attwidth></attr><attr><attrlabl Sync="TRUE">Area_EA</attrlabl><attalias Sync="TRUE">Area_EA</attalias><attrtype Sync="TRUE">Float</attrtype><attwidth Sync="TRUE">19</attwidth><atnumdec Sync="TRUE">11</atnumdec></attr><attr><attrlabl Sync="TRUE">TAA</attrlabl><attalias Sync="TRUE">TAA</attalias><attrtype Sync="TRUE">Number</attrtype><attwidth Sync="TRUE">4</attwidth></attr><attr><attrlabl Sync="TRUE">Shape</attrlabl><attalias Sync="TRUE">Shape</attalias><attrtype Sync="TRUE">Geometry</attrtype><attwidth Sync="TRUE">0</attwidth><atprecis Sync="TRUE">0</atprecis><attscale Sync="TRUE">0</attscale><attrdef Sync="TRUE">Feature geometry.</attrdef><attrdefs Sync="TRUE">ESRI</attrdefs><attrdomv><udom Sync="TRUE">Coordinates defining the features.</udom></attrdomv></attr><attr><attrlabl Sync="TRUE">Area_Total</attrlabl><attalias Sync="TRUE">Area_Total</attalias><attrtype Sync="TRUE">Float</attrtype><attwidth Sync="TRUE">19</attwidth><atnumdec Sync="TRUE">11</atnumdec></attr><attr><attrlabl Sync="TRUE">Shape_Leng</attrlabl><attalias Sync="TRUE">Shape_Leng</attalias><attrtype Sync="TRUE">Float</attrtype><attwidth Sync="TRUE">19</attwidth><atnumdec Sync="TRUE">11</atnumdec></attr><attr><attrlabl Sync="TRUE">Shape_Area</attrlabl><attalias Sync="TRUE">Shape_Area</attalias><attrtype Sync="TRUE">Float</attrtype><attwidth Sync="TRUE">19</attwidth><attrdef Sync="TRUE">Area of feature in internal units squared.</attrdef><attrdefs Sync="TRUE">ESRI</attrdefs><attrdomv><udom Sync="TRUE">Positive real numbers that are automatically generated.</udom></attrdomv><atnumdec Sync="TRUE">11</atnumdec></attr></detailed></eainfo><mdDateSt Sync="TRUE">20120730</mdDateSt></metadata>
